Country Name,"Country Code","Series Name","Series Code","1960 [YR1960]","1961 [YR1961]","1962 [YR1962]","1963 [YR1963]","1964 [YR1964]","1965 [YR1965]","1966 [YR1966]","1967 [YR1967]","1968 [YR1968]","1969 [YR1969]","1970 [YR1970]","1971 [YR1971]","1972 [YR1972]","1973 [YR1973]","1974 [YR1974]","1975 [YR1975]","1976 [YR1976]","1977 [YR1977]","1978 [YR1978]","1979 [YR1979]","1980 [YR1980]","1981 [YR1981]","1982 [YR1982]","1983 [YR1983]","1984 [YR1984]","1985 [YR1985]","1986 [YR1986]","1987 [YR1987]","1988 [YR1988]","1989 [YR1989]","1990 [YR1990]","1991 [YR1991]","1992 [YR1992]","1993 [YR1993]","1994 [YR1994]","1995 [YR1995]","1996 [YR1996]","1997 [YR1997]","1998 [YR1998]","1999 [YR1999]","2000 [YR2000]","2001 [YR2001]","2002 [YR2002]","2003 [YR2003]","2004 [YR2004]","2005 [YR2005]","2006 [YR2006]","2007 [YR2007]","2008 [YR2008]","2009 [YR2009]","2010 [YR2010]","2011 [YR2011]","2012 [YR2012]","2013 [YR2013]"
Latin America & Caribbean (all income levels),"LCN","GDP per capita (current US$)","NY.GDP.PCAP.CD","369.369226592212","381.442368746222","426.865738028084","416.363052945226","450.716857491846","473.845512777153","506.061342919823","505.103927855719","530.530927940843","579.178864972063","614.109791977966","668.816324960753","733.728653183112","937.429058748786","1188.55403838437","1218.14733293144","1323.00594382094","1423.00114164288","1577.01554359564","1834.25934403359","2136.52458249059","2408.16826695287","2206.1986650961","1917.07141053725","1853.65628754478","1867.51514337515","1864.59797757275","1924.86612629042","2139.78759699512","2298.33195043609","2629.23912829379","2743.23604400626","2920.14846777494","3344.17235787361","3748.78393832077","3910.64286806558","4157.11653322129","4477.83698337867","4423.17440905984","3950.00408656614","4308.04365944897","4148.18352054691","3680.06683532253","3732.73376914146","4220.69318818203","5034.8650665502","5813.14666735945","6747.98385260326","7739.82617712339","7196.18295491093","8758.78114790888","9686.51289953872","9575.21648118977","NA"
Latin America & Caribbean (all income levels),"LCN","GDP growth (annual %)","NY.GDP.MKTP.KD.ZG","NA","6.36595384422851","4.7758881533688","3.30901733799539","7.86494147614994","5.37904977547454","4.48351381445001","4.63609514629373","7.74321983746577","5.96097043001575","6.57000774792161","6.50715059884487","7.10044834631154","8.29469962926075","6.18774472413797","3.82759504916675","5.8226554564841","4.70830552952468","4.63952223338346","6.91121763670404","6.4115464631666","1.67097326180112","-0.784824269059612","-2.81215039429253","4.05313633459438","3.36603390802802","3.45391904835566","3.18010879593405","0.964669915248521","1.81019076096321","0.684286693901058","3.63747374680372","3.04644128263534","3.8715645032608","4.72737969350622","0.91279642612534","3.74697546920319","5.38758221726737","2.4528094841658","0.467778372533715","4.13694436424525","0.537232092468429","0.373054658319845","1.83645586336911","5.7563406786699","4.28356331302663","5.34934146449035","5.3565296975703","3.85807103427524","-1.55332461247862","5.6492687410405","4.24836982836898","2.93288545030232","NA"
Latin America & Caribbean (all income levels),"LCN","Progression to secondary school (%)","SE.SEC.PROG.ZS","NA","NA","NA","NA","NA","NA","NA","NA","NA","NA","NA","NA","NA","NA","NA","NA","NA","75.8102151846024","75.0556731720029","76.7476725488997","76.9281351439864","76.544688475156","NA","NA","NA","76.5795947603219","NA","77.6445509543134","NA","NA","NA","NA","NA","85.9193965133285","NA","NA","NA","NA","NA","NA","NA","NA","NA","NA","NA","NA","NA","NA","NA","NA","NA","NA","NA","NA"
Latin America & Caribbean (all income levels),"LCN","Public spending on education, total (% of GDP)","SE.XPD.TOTL.GD.ZS","NA","NA","NA","NA","NA","NA","NA","NA","NA","NA","NA","NA","NA","NA","NA","NA","NA","NA","NA","NA","NA","NA","NA","NA","NA","NA","NA","NA","NA","NA","NA","NA","NA","NA","3.51792","3.55855","NA","NA","3.460445","3.88167","4.01458","4.25042","4.00947","3.900425","3.85086","NA","3.89332","3.84301","4.85821","5.82366","4.700085","4.45145","NA","NA"
Latin America & Caribbean (all income levels),"LCN","Life expectancy at birth, total (years)","SP.DYN.LE00.IN","56.2393014602165","56.7100514141454","57.1575260825852","57.582606331761","57.9888464181465","58.3811099875355","58.765478705316","59.1478055536057","59.5338445444573","59.9283042749114","60.3341851968213","60.7526700050193","61.1798209645731","61.6120953132026","62.0468201872057","62.4806879578049","62.9117516397384","63.3379427019659","63.7576870504681","64.1700147964205","64.5739110697903","64.9701574104771","65.3613797975084","65.7457338020186","66.1270304765716","66.5040042866173","66.8761592173997","67.2431740949878","67.6033325208056","67.9586416783889","68.3099649287034","68.659437725994","69.0087908733311","69.3560739131092","69.7026890707512","70.0454437834034","70.3816588875917","70.7098317506042","71.0252433102223","71.3295100021056","71.6280490115806","71.9076152539544","72.1793485857313","72.4395728925117","72.6929632063411","72.9421988150561","73.1892789715456","73.4334340855874","73.6772798516061","73.9159005943834","74.1577605462026","74.4001586117314","74.6387533986656","NA"
Latin America & Caribbean (all income levels),"LCN","Research and development expenditure (% of GDP)","GB.XPD.RSDV.GD.ZS","NA","NA","NA","NA","NA","NA","NA","NA","NA","NA","NA","NA","NA","NA","NA","NA","NA","NA","NA","NA","NA","NA","NA","NA","NA","NA","NA","NA","NA","NA","NA","NA","NA","NA","NA","NA","NA","NA","NA","NA","0.579816134930718","0.564437815371195","0.55554016342955","0.548345171309514","0.55166699048312","0.616323407570578","0.623431976718704","0.655229385787906","0.695254521028203","0.759174768306169","0.798286461006414","NA","NA","NA"
Latin America & Caribbean (all income levels),"LCN","Income share held by highest 10%","SI.DST.10TH.10","NA","NA","NA","NA","NA","NA","NA","NA","NA","NA","NA","NA","NA","NA","NA","NA","NA","NA","NA","NA","NA","NA","NA","NA","NA","NA","NA","NA","NA","NA","NA","NA","NA","NA","NA","NA","NA","NA","NA","NA","NA","NA","NA","NA","NA","NA","NA","NA","NA","NA","NA","NA","NA","NA"
Latin America & Caribbean (all income levels),"LCN","Internet users (per 100 people)","IT.NET.USER.P2","NA","NA","NA","NA","NA","NA","NA","NA","NA","NA","NA","NA","NA","NA","NA","NA","NA","NA","NA","NA","NA","NA","NA","NA","NA","NA","NA","NA","NA","NA","0","NA","0.0136850075851028","0.029908499352732","0.0500678123739551","0.110083607002837","0.308723256338881","0.609594647802685","1.22966321877095","2.05248963414194","3.90371304021287","5.65075369105539","8.88695093240655","11.2871531818652","14.4004685907845","16.6260107012629","20.7468691270167","23.6968404082492","26.4938608462163","31.0273318554431","34.7067275206297","38.7955989842715","43.4066666347588","NA"
Latin America & Caribbean (all income levels),"LCN","Mobile cellular subscriptions (per 100 people)","IT.CEL.SETS.P2","0","NA","NA","NA","NA","0","NA","NA","NA","NA","0","NA","NA","NA","NA","0","0","0","0","0","0","0","0","0","0","0","0","0.000949044934312023","0.00285211251160795","0.00722416376531504","0.0282559387380733","0.0658701517642986","0.140701646077493","0.242456802162958","0.473349179168844","0.809974650762445","1.34771570729907","2.54357452516637","4.17079437280384","7.75506603281933","12.1439013778687","15.907312382011","18.8102007387927","23.079615617875","31.5352681899022","42.8960681588359","53.970635985621","66.5570558211781","79.2349440455767","87.4227422857896","96.357960320502","104.722907980632","109.11105338754","NA"
Argentina,"ARG","GDP per capita (current US$)","NY.GDP.PCAP.CD","NA","NA","1148.16961298053","844.725024008369","1165.78516387942","1271.41556636899","1265.77734467379","1057.32806804985","1136.12592453378","1323.70790453585","1317.1869889513","1366.1180737277","1401.32489153958","2083.81188288541","2824.42766599272","2011.42143698411","1932.10310707553","2111.62136272167","2128.11608256583","2499.95664312636","2736.89737769562","2755.74442766573","2908.25092853875","3532.45047283574","2646.40665946183","2914.15451119049","3602.1791828324","3554.87780310803","3979.63712639717","2382.21723574934","4332.65638710793","5736.02046500778","6824.99708518771","6971.14224546288","7483.86386333018","7407.64520757917","7717.47985981198","8205.4529604258","8278.97251630894","7764.65649673207","7701.35853477978","7208.81462769081","2711.85076981197","3413.10907212233","3997.24328750275","4740.06702885837","5490.43517437","6630.04592619152","8231.22606450681","7674.34297605068","9132.95725866258","10951.5827275637","11573.0649671755","NA"
Argentina,"ARG","GDP growth (annual %)","NY.GDP.MKTP.KD.ZG","NA","5.42784287219094","-0.852021492428719","-5.30819682945132","10.1302976338977","10.5694333495945","-0.659726174863422","3.19199662528655","4.82250079191368","9.67952599141772","3.04564334084789","5.65813108050457","1.62841649943542","2.81175403997467","5.53380440143016","-0.0284120882711392","-2.01825153277618","6.93414776273241","-4.5061247976757","10.2227634485709","4.15176235037666","-5.68952800015261","-4.95717851863463","3.87512343331906","2.21177350353476","-7.58667718994943","7.87577983062546","2.90999313619218","-2.55690488546976","-7.49618957328234","-2.39895922424094","12.6697100968503","11.9407747284308","5.90691949369952","5.83620069701152","-2.84520961119372","5.52668982824724","8.11104675760042","3.85017886913406","-3.38545705259293","-0.788998922157376","-4.40883969762805","-10.894484819891","8.83704078344473","9.02957332195959","9.17895021699024","8.46606271178115","8.65333684642083","6.75843941952496","0.850241475756562","9.16091692451589","8.86955390713085","1.89957810935846","NA"
Argentina,"ARG","Progression to secondary school (%)","SE.SEC.PROG.ZS","NA","NA","NA","NA","NA","NA","NA","NA","NA","NA","28.64372","28.68338","NA","NA","28.05385","27.21457","NA","NA","NA","NA","NA","NA","NA","NA","NA","NA","NA","NA","NA","NA","NA","NA","NA","NA","NA","NA","NA","NA","NA","NA","NA","NA","NA","NA","NA","NA","NA","NA","96.4626","96.59733","97.29454","NA","NA","NA"
Argentina,"ARG","Public spending on education, total (% of GDP)","SE.XPD.TOTL.GD.ZS","NA","NA","NA","NA","NA","NA","NA","NA","NA","NA","1.45809","NA","1.9362","1.78052","1.92352","1.8436","1.16564","1.71984","1.93555","2.40028","2.60715","NA","1.59787","1.6175","2.56972","1.36186","1.26155","1.2823","NA","1.04612","1.06738","NA","NA","NA","NA","NA","3.73198","NA","4.03987","4.52168","4.5976","4.83374","4.01734","3.53505","3.77837","NA","4.51593","4.92687","5.3927","6.02585","5.78195","6.25856","NA","NA"
Argentina,"ARG","Life expectancy at birth, total (years)","SP.DYN.LE00.IN","65.2155365853659","65.338512195122","65.4326097560976","65.5093902439024","65.5824146341463","65.6686829268293","65.782243902439","65.9300243902439","66.113487804878","66.3350975609756","66.5908292682927","66.8731219512195","67.1679512195122","67.4653170731707","67.7586585365854","68.0479512195122","68.3367073170732","68.6294390243903","68.9266341463415","69.2243170731707","69.5144878048781","69.7866585365854","70.0353170731707","70.257","70.4541951219512","70.6313902439024","70.7990731707317","70.967756097561","71.1459024390244","71.3375365853659","71.5436585365854","71.7632926829268","71.9889512195122","72.2156585365854","72.4413902439024","72.6646097560976","72.8853170731707","73.1039756097561","73.3200731707317","73.5341219512195","73.7456585365854","73.9536829268293","74.1587804878049","74.3599512195122","74.5577317073171","74.7516585365854","74.9412195121951","75.1269024390244","75.3081951219512","75.4870975609756","75.6635609756098","75.8386097560976","76.0126829268293","NA"
Argentina,"ARG","Research and development expenditure (% of GDP)","GB.XPD.RSDV.GD.ZS","NA","NA","NA","NA","NA","NA","NA","NA","NA","NA","NA","NA","NA","NA","NA","NA","NA","NA","NA","NA","NA","NA","NA","NA","NA","NA","NA","NA","NA","NA","NA","NA","NA","NA","NA","NA","0.41749","0.41959","0.41131","0.45337","0.43884","0.42461","0.38886","0.41013","0.43756","0.46077","0.49462","0.50793","0.52381","0.5951","0.61745","NA","NA","NA"
Argentina,"ARG","Income share held by highest 10%","SI.DST.10TH.10","NA","NA","NA","NA","NA","NA","NA","NA","NA","NA","NA","NA","NA","NA","NA","NA","NA","NA","NA","NA","NA","NA","NA","NA","NA","NA","32.43","34.42","NA","NA","NA","36.83","34.27","33.1","33.88","36.34","36.06","35.95","37.83","37.01","37.54","39.48","40.46","41.55","36.66","36.08","34.59","34.7","33.59","33.29","32.3","NA","NA","NA"
Argentina,"ARG","Internet users (per 100 people)","IT.NET.USER.P2","NA","NA","NA","NA","NA","NA","NA","NA","NA","NA","NA","NA","NA","NA","NA","NA","NA","NA","NA","NA","NA","NA","NA","NA","NA","NA","NA","NA","NA","NA","0","NA","0.00299287414623027","0.0295270652905125","0.0437059511392524","0.0862770809737151","0.14195470435477","0.280339881830012","0.830766679676473","3.28448195590463","7.0386830862178","9.78080728532407","10.8821243775325","11.9136965509954","16.0366841054923","17.7205833696065","20.9272021035896","25.9466329403819","28.1126234799907","34","45","51","55.8","NA"
Argentina,"ARG","Mobile cellular subscriptions (per 100 people)","IT.CEL.SETS.P2","0","NA","NA","NA","NA","0","NA","NA","NA","NA","0","NA","NA","NA","NA","0","0","0","0","0","0","0","0","0","0","0","0","0","0","0.00714942773338242","0.0367817512490623","0.075585346528882","0.138988317195146","0.329780857381351","0.701068622153627","1.16381892109268","1.89150032880493","5.62910956998472","7.39659559567715","10.540642447322","17.5810590485609","18.0874244208887","17.4519490973966","20.6535373030331","35.2722883702454","57.3289942567057","80.8188264138509","102.721528270687","117.221183351189","131.129449217276","141.383021999383","145.802496998557","151.905186289547","NA"
Bolivia,"BOL","GDP per capita (current US$)","NY.GDP.PCAP.CD","167.935896212026","178.667055731481","191.053055855974","201.167870303339","221.607652738806","242.298893066017","258.990138213075","275.985382225934","226.042366022461","234.291925163248","241.193241936855","253.499748099088","283.937810125119","278.185834393226","451.335757304477","504.322228636733","559.362223413092","645.232905560442","733.797059352302","843.161077434799","845.142766241608","1071.76398765241","993.918534276816","940.996697521393","1045.65233076922","890.166150817915","640.216331245255","686.748681180239","709.348423753393","710.702520867732","716.448287251379","768.069880582412","792.311030237211","786.3573252899","801.366681033307","879.482145161463","947.482594175554","993.383834615191","1042.61057845188","995.512550953809","988.533289261028","939.145381073811","893.946888473092","896.372125236443","954.92208952179","1020.79030527715","1203.25418260396","1355.87943436499","1695.5573304073","1735.14337006244","1934.67525755732","2319.60852304638","2575.6836947783","NA"
Bolivia,"BOL","GDP growth (annual %)","NY.GDP.MKTP.KD.ZG","NA","2.07998366981974","5.57022468401642","6.42070122102028","4.79455973062788","5.62501856960085","6.4972957894456","6.90886779316999","-12.1690278774982","3.0960131437861","-0.494821089404311","5.06333643455241","7.96748521281012","5.73916152301213","2.93956781590916","7.31101772689942","4.61456748557387","4.97121565455376","2.05269457150823","0.133344043698173","-1.37177290765878","0.275616374209847","-3.93873792752328","-4.04212139982373","-0.200671850875395","-1.67638751669146","-2.57387737905526","2.46347955873563","2.90950543530157","3.79012839888273","4.63578790245245","5.26652207279878","1.64650004115683","4.26929533323748","4.6672662675528","4.6782769046531","4.3613403108683","4.95420877614612","5.0293546362004","0.426885363578648","2.50781098812674","1.68379903413391","2.48556581527659","2.71133983214789","4.17329556102078","4.42143309990637","4.79700873859643","4.56438448272661","6.14849781016818","3.35699942996455","4.12672274748631","5.17393042157704","5.17643094596949","NA"
Bolivia,"BOL","Progression to secondary school (%)","SE.SEC.PROG.ZS","NA","NA","NA","NA","NA","NA","NA","NA","NA","NA","NA","NA","NA","90.4933","NA","NA","NA","NA","NA","NA","NA","NA","NA","NA","NA","NA","NA","NA","NA","NA","79.06936","75.67897","75.91623","81.25971","80.78067","80.76961","77.56254","77.89701","89.60225","88.34018","88.29509","89.76202","89.64194","90.15131","NA","NA","90.03813","95.05548","89.14654","89.43359","89.022","NA","NA","NA"
Bolivia,"BOL","Public spending on education, total (% of GDP)","SE.XPD.TOTL.GD.ZS","NA","NA","NA","NA","NA","NA","NA","NA","NA","NA","NA","NA","NA","NA","NA","NA","NA","NA","NA","NA","NA","NA","NA","NA","NA","NA","NA","NA","NA","NA","NA","NA","NA","NA","4.78421","5.60817","4.65741","NA","5.52301","5.65932","5.47342","5.89946","6.23031","6.37904","NA","NA","6.31361","NA","7.03973","8.0812","7.60011","6.89264","NA","NA"
Bolivia,"BOL","Life expectancy at birth, total (years)","SP.DYN.LE00.IN","42.6681219512195","42.9768780487805","43.2891463414634","43.6034146341463","43.9211707317073","44.2364146341464","44.5431219512195","44.8407804878049","45.1364146341463","45.4395609756098","45.7662682926829","46.1356341463415","46.5601707317073","47.0504146341463","47.6078780487805","48.2329756097561","48.9201951219512","49.6529268292683","50.4136341463415","51.1898048780488","51.9684390243903","52.7431219512195","53.5083658536585","54.2602195121951","54.9896585365854","55.6921219512195","56.3650487804878","57.0103658536585","57.629512195122","58.2194390243902","58.7785853658537","59.3024146341464","59.7929756097561","60.2517804878049","60.6829024390244","61.0908780487805","61.4802926829268","61.8572195121951","62.2262195121951","62.5918292682927","62.9546097560976","63.3155365853659","63.6716097560976","64.0202682926829","64.363512195122","64.7007804878049","65.0330975609756","65.3619024390244","65.6857073170732","66.0054634146342","66.3197073170732","66.6269268292683","66.9266341463415","NA"
Bolivia,"BOL","Research and development expenditure (% of GDP)","GB.XPD.RSDV.GD.ZS","NA","NA","NA","NA","NA","NA","NA","NA","NA","NA","NA","NA","NA","NA","NA","NA","NA","NA","NA","NA","NA","NA","NA","NA","NA","NA","NA","NA","NA","NA","NA","NA","NA","NA","NA","NA","0.32544","0.31577","0.29495","0.29836","0.28744","0.29358","0.27663","NA","NA","NA","NA","NA","NA","0.157","NA","NA","NA","NA"
Bolivia,"BOL","Income share held by highest 10%","SI.DST.10TH.10","NA","NA","NA","NA","NA","NA","NA","NA","NA","NA","NA","NA","NA","NA","NA","NA","NA","NA","NA","NA","NA","NA","NA","NA","NA","NA","NA","NA","NA","NA","NA","31.74","NA","42.92","NA","NA","NA","45.41","NA","42.37","48.78","45.11","47.08","NA","NA","44.33","43.3","45.37","43.28","NA","NA","NA","NA","NA"
Bolivia,"BOL","Internet users (per 100 people)","IT.NET.USER.P2","NA","NA","NA","NA","NA","NA","NA","NA","NA","NA","NA","NA","NA","NA","NA","NA","NA","NA","NA","NA","NA","NA","NA","NA","NA","NA","NA","NA","NA","NA","0","NA","NA","NA","NA","0.0668075682820113","0.196081173945832","0.44783903590236","0.626484062433397","0.981815187281861","1.4427635847914","2.1204625341365","3.11719294696997","3.50859640072336","4.43992460120042","5.22758395663196","6.20067125473576","10.4992443168903","12.5","16.8","22.4","30","34.1884342305183","NA"
Bolivia,"BOL","Mobile cellular subscriptions (per 100 people)","IT.CEL.SETS.P2","0","NA","NA","NA","NA","0","NA","NA","NA","NA","0","NA","NA","NA","NA","0","0","0","0","0","0","0","0","0","0","0","0","0","0","0","0","0.0042404943927727","0.021773634501117","0.036460893668982","0.0543424887118084","0.0946778947743408","0.427823761715999","1.48439792287317","2.93577567411113","5.05074973493249","6.85816850339442","8.99655164697097","11.5717799250284","14.1829234737385","19.6001898208566","25.8843113131579","30.2198553280598","33.6322513118439","51.2360157484703","64.6865543139146","70.6859804771301","80.9077194948494","90.4434950079957","NA"
Brazil,"BRA","GDP per capita (current US$)","NY.GDP.PCAP.CD","208.387302047849","203.19047502829","257.823301350306","289.058327514254","258.627944474235","258.238896078756","312.063323244665","343.526386268571","370.724583330701","399.732500717329","440.635447080875","499.903682890245","580.671136221504","767.994782921771","994.726006771348","1143.13221827052","1377.85723359531","1552.78133223427","1728.64326152589","1891.70590847145","1930.53847057884","2115.07437658982","2208.83259322146","1558.41852357432","1567.31560653806","1636.60116178228","1928.72017446016","2074.40951570041","2287.23700147505","2893.65780796247","3086.91549076378","2677.14990780073","2526.33662388136","2791.51867523496","3426.10182355551","4749.81420746546","5107.79391970463","5219.0981442674","4979.14484626424","3411.8658959803","3694.46266832805","3128.14484605408","2810.6953468642","3039.67162694263","3607.19157135551","4739.30543674805","5787.97557400914","7194.07894378426","8622.70867503966","8373.33974249069","10978.093553772","12575.9794079188","11339.5211084814","NA"
Brazil,"BRA","GDP growth (annual %)","NY.GDP.MKTP.KD.ZG","NA","10.2759115752691","5.21605938541778","0.874672608648282","3.48558230073068","3.05348790464363","4.15036021932218","4.9152656882159","11.4272823901685","9.73582686182293","8.76994747088169","11.2950868449659","12.05280227318","13.9786916357584","9.04212030845288","5.20907590194078","9.79041016246347","4.60631806293597","3.23170957296952","6.76628496089286","9.11096015157381","-4.39335719359896","0.580245554282641","-3.40979348007325","5.26914315638712","7.94586174560585","7.98829510902199","3.59962945687748","-0.102672710198163","3.27945885212122","-4.30000000000005","1.51206746147132","-0.466914924090474","4.66515094828333","5.33435987681479","4.41683199331735","2.14999999999965","3.37493881546732","0.035512204361126","0.255597103233086","4.30574571549967","1.3148961209429","2.65597426675919","1.14674906432275","5.71391691586116","3.15635238812408","3.95541526928329","6.09545497675312","5.1692990144351","-0.32824803986604","7.53361545286975","2.73250924324444","0.872708175653841","NA"
Brazil,"BRA","Progression to secondary school (%)","SE.SEC.PROG.ZS","NA","NA","NA","NA","NA","NA","NA","NA","NA","NA","37.18975","46.18529","77.03227","73.75107","76.51783","79.17191","80.4906","81.03679","78.96852","78.73408","77.84099","76.34823","78.48758","NA","78.08109","77.57857","NA","78.05657","NA","NA","NA","NA","85.51106","86.62819","85.9412","NA","NA","NA","NA","NA","NA","NA","NA","NA","NA","NA","NA","NA","NA","NA","NA","NA","NA","NA"
Brazil,"BRA","Public spending on education, total (% of GDP)","SE.XPD.TOTL.GD.ZS","NA","NA","NA","NA","NA","NA","NA","NA","NA","NA","NA","NA","NA","NA","NA","NA","NA","NA","NA","NA","NA","NA","NA","NA","NA","NA","NA","NA","NA","NA","NA","NA","NA","NA","NA","4.57043","NA","NA","4.86875","3.88167","4.01458","3.88489","3.7782","NA","4.00775","4.52778","4.95275","5.08439","5.40368","5.62147","5.82225","NA","NA","NA"
Brazil,"BRA","Life expectancy at birth, total (years)","SP.DYN.LE00.IN","54.6921463414634","55.1696341463415","55.6330975609756","56.08","56.5102926829268","56.9238780487805","57.3231951219512","57.711756097561","58.0946097560976","58.4752926829268","58.8569756097561","59.2443658536585","59.6375365853659","60.035512195122","60.4381951219512","60.8397804878049","61.2354390243902","61.6203902439024","61.992512195122","62.3538292682927","62.7060487804878","63.0564634146342","63.4104878048781","63.7739268292683","64.1479268292683","64.5325365853659","64.9261463414634","65.3235365853659","65.7220731707317","66.1192195121951","66.515","66.9099756097561","67.3057317073171","67.7008048780488","68.0946585365854","68.4827317073171","68.8619512195122","69.2312195121951","69.5874634146342","69.9296829268293","70.2573902439024","70.5696585365854","70.8695609756098","71.1596097560976","71.4417804878049","71.7185365853659","71.9917804878049","72.2629024390244","72.5338780487805","72.8041707317073","73.0753170731707","73.3473658536585","73.6178780487805","NA"
Brazil,"BRA","Research and development expenditure (% of GDP)","GB.XPD.RSDV.GD.ZS","NA","NA","NA","NA","NA","NA","NA","NA","NA","NA","NA","NA","NA","NA","NA","NA","NA","NA","NA","NA","NA","NA","NA","NA","NA","NA","NA","NA","NA","NA","NA","NA","NA","NA","NA","NA","NA","NA","NA","NA","1.01825","1.0429","0.98472","0.95792","0.89952","0.97132","1.00801","1.09514","1.11431","1.16614","1.16042","NA","NA","NA"
Brazil,"BRA","Income share held by highest 10%","SI.DST.10TH.10","NA","NA","NA","NA","NA","NA","NA","NA","NA","NA","NA","NA","NA","NA","NA","NA","NA","NA","NA","NA","NA","45.88","46.23","46.79","46.53","42.33","46.56","47.38","49.14","51.15","48.35","NA","39.91","48.44","NA","47.68","47.72","47.75","47.96","47.38","NA","47.65","46.81","46.32","45.43","45.47","44.66","43.82","43.33","42.93","NA","NA","NA","NA"
Brazil,"BRA","Internet users (per 100 people)","IT.NET.USER.P2","NA","NA","NA","NA","NA","NA","NA","NA","NA","NA","NA","NA","NA","NA","NA","NA","NA","NA","NA","NA","NA","NA","NA","NA","NA","NA","NA","NA","NA","NA","0","0.00328817070330394","0.0129462623564468","0.0254982532389746","0.0376727093587832","0.105138167818006","0.450789178949525","0.786079155026595","1.47787495863132","2.03873218351945","2.87068515854108","4.52849486902851","9.14942508560748","13.2075861035303","19.073672274442","21.022747248827","28.1783801797929","30.88","33.83","39.22","40.65","45","49.847999364427","NA"
Brazil,"BRA","Mobile cellular subscriptions (per 100 people)","IT.CEL.SETS.P2","0","NA","NA","NA","NA","0","NA","NA","NA","NA","0","NA","NA","NA","NA","0","0","0","0","0","0","0","0","0","0","0","0","0","0","0","0.000445711589946727","0.00440344670523898","0.0206988467540505","0.115915348702252","0.360031692076822","0.794074075208812","1.51962843202329","2.72576758618669","4.34774057858537","8.73961743345284","13.2879771661194","16.2434653162697","19.443799184819","25.5144501065075","35.6528988110952","46.3141845224809","53.1102584874003","63.6747518549979","78.5549801023455","87.5418765124288","100.881011548201","119.002385323484","125.001852070739","NA"
Chile,"CHL","GDP per capita (current US$)","NY.GDP.PCAP.CD","550.627298410909","599.736149987355","683.769285762609","664.414699299375","685.307486682024","699.530945406166","792.695860222646","765.093009638957","767.324172888991","870.123169030606","937.590965450144","1096.27715351252","1161.43291990052","1622.45550167937","1513.26018113817","693.092024690049","931.680161455383","1245.0557318689","1415.60450058113","1879.18103888983","2463.48835068653","2872.85433640699","2108.53911976065","1685.21864666439","1612.58541947306","1359.45180698028","1437.15229228106","1666.66134012664","1931.54574891945","2186.65498988859","2388.30745411991","2706.81329540916","3244.29978832985","3416.87211987417","3882.80821185569","4941.04524799043","5167.59917062629","5567.94217819277","5266.15201857259","4781.70479991117","5133.07731116285","4625.33637701772","4487.15001809654","4866.33224996573","6223.97376757678","7614.52205797519","9371.42785711834","10383.4908877218","10672.2534913224","10120.0388330404","12684.9323225999","14512.611293211","15452.1735981951","NA"
Chile,"CHL","GDP growth (annual %)","NY.GDP.MKTP.KD.ZG","NA","4.04993094678017","5.1930795422694","6.11656483531932","2.66787166629827","0.417175015514502","10.0016060648824","3.64078331944914","3.75167907596918","3.4713172476299","2.12251960306324","9.01796483223791","-0.819195514669701","-4.94110069859151","2.49384451507004","-11.3627801334462","3.40638357313571","8.69744029668908","7.46292681128121","8.68231991612025","8.14860652895524","4.73731106857667","-10.3232324456428","-3.78657232788852","7.97334157338074","7.11922842873103","5.59635330015634","6.59421489320438","7.3112014506431","10.5603252257243","3.69757990057616","7.96998837207272","12.2779306312649","6.98628668212962","5.70811909803319","10.6275772210663","7.41349152295147","6.60557963272687","3.23087870874035","-0.760854811753077","4.49579188358591","3.34818039061955","2.16690863385745","3.95674848146589","6.04108673916474","5.55945253084518","4.40497269030689","5.16082559987021","3.29245598901528","-1.03643305601628","5.7629727063381","5.85067921515123","5.55537004020077","NA"
Chile,"CHL","Progression to secondary school (%)","SE.SEC.PROG.ZS","NA","NA","NA","NA","NA","NA","NA","NA","NA","NA","76.93865","78.66629","81.40173","80.51049","80.99726","79.74802","76.99645","81.7863","NA","NA","NA","NA","NA","84.92706","NA","NA","NA","NA","NA","NA","NA","NA","NA","NA","NA","NA","NA","94.84012","96.49885","97.53026","NA","NA","96.4767","96.50029","96.74219","NA","NA","90.5989","NA","NA","90.52368","91.23857","NA","NA"
Chile,"CHL","Public spending on education, total (% of GDP)","SE.XPD.TOTL.GD.ZS","NA","NA","NA","NA","NA","NA","NA","NA","NA","NA","NA","NA","NA","NA","3.91397","3.79159","NA","NA","3.18819","3.66278","4.44413","5.19505","NA","NA","NA","NA","NA","3.00609","NA","NA","2.36103","NA","NA","2.46387","2.59627","2.64011","2.88004","3.09043","3.43289","3.84052","3.70598","NA","4.00947","3.8516","3.48845","3.22508","3.02381","3.22353","3.79267","4.24129","4.18086","4.06228","4.52154","NA"
Chile,"CHL","Life expectancy at birth, total (years)","SP.DYN.LE00.IN","57.0215365853659","57.4086829268293","57.824512195122","58.269512195122","58.7437073170732","59.2440731707317","59.7651219512195","60.3033170731707","60.8556097560976","61.421","62.0044390243903","62.6123658536585","63.2477804878049","63.9131463414634","64.605","65.3228048780488","66.0655609756098","66.8238048780488","67.5845853658537","68.3354634146342","69.055512195122","69.7283414634147","70.3434878048781","70.8964390243903","71.3867073170732","71.818243902439","72.202512195122","72.5558780487805","72.893243902439","73.2225365853659","73.5451463414634","73.8579756097561","74.1550243902439","74.4367804878049","74.7092926829268","74.9866097560976","75.2868048780488","75.6175121951219","75.9792682926829","76.3661219512195","76.7585609756098","77.1310487804878","77.461512195122","77.7379268292683","77.9598048780488","78.1372195121951","78.289756097561","78.4429756097561","78.6174146341464","78.8185853658537","79.0504634146342","79.306512195122","79.5726585365854","NA"
Chile,"CHL","Research and development expenditure (% of GDP)","GB.XPD.RSDV.GD.ZS","NA","NA","NA","NA","NA","NA","NA","NA","NA","NA","NA","NA","NA","NA","NA","NA","NA","NA","NA","NA","NA","NA","NA","NA","NA","NA","NA","NA","NA","NA","NA","NA","NA","NA","NA","NA","NA","NA","NA","NA","NA","NA","NA","NA","NA","NA","NA","0.31089","0.37499","0.40807","0.41962","NA","NA","NA"
Chile,"CHL","Income share held by highest 10%","SI.DST.10TH.10","NA","NA","NA","NA","NA","NA","NA","NA","NA","NA","NA","NA","NA","NA","NA","NA","NA","NA","NA","NA","NA","NA","NA","NA","NA","NA","NA","45.38","NA","NA","45.15","NA","45.06","NA","44.6","NA","44.44","NA","44.97","NA","45.31","NA","NA","44.98","NA","NA","41.98","NA","NA","42.77","NA","NA","NA","NA"
Chile,"CHL","Internet users (per 100 people)","IT.NET.USER.P2","NA","NA","NA","NA","NA","NA","NA","NA","NA","NA","NA","NA","NA","NA","NA","NA","NA","NA","NA","NA","NA","NA","NA","NA","NA","NA","NA","NA","NA","NA","0","NA","0.0365489381510097","0.0717831442696916","0.141084506727297","0.346980781428478","0.683475610172851","1.05709249598086","1.66232202183041","4.103419297232","16.6","19.1","22.1","25.4737788864723","28.1779101232438","31.1753470303684","34.4977511736017","35.9","37.3","41.56","45","52.25","61.4181545577569","NA"
Chile,"CHL","Mobile cellular subscriptions (per 100 people)","IT.CEL.SETS.P2","0","NA","NA","NA","NA","0","NA","NA","NA","NA","0","NA","NA","NA","NA","0","0","0","0","0","0","0","0","0","0","0","0","0","0","0.0376395343605963","0.105350944041629","0.268539846539317","0.47012782635373","0.610285808279443","0.814454287960218","1.36643069651234","2.17887711244664","2.75502543022814","6.39743786145931","14.8090902278177","22.0100719523149","32.6151847440123","39.4721787421896","45.4390872823112","57.2813393862697","64.6941754338373","75.438688650934","83.7200337011002","87.9117773295093","96.8131200774212","115.751383612155","129.416385026758","138.167827037837","NA"
Colombia,"COL","GDP per capita (current US$)","NY.GDP.PCAP.CD","252.458364669212","276.118335284317","292.506077674486","276.541381969127","332.483899761603","311.987391024481","285.351125771057","291.167023345441","292.487438275426","308.023901595637","337.242788739784","357.417814016499","387.040711321814","449.98407128606","527.446469821787","545.861726216763","624.709837244171","774.667083684467","904.303522334981","1061.31348822972","1240.06754344404","1320.80442653271","1383.14476849134","1344.63256129614","1299.44567411498","1160.18787161151","1137.51999554427","1159.7715882937","1225.04658940658","1210.75818673367","1209.18353310289","1214.45369274353","1423.92920316693","1582.5813512162","2274.88540453091","2529.32529603966","2609.29713235827","2814.13420499414","2552.46837410859","2196.71468527789","2503.54949201304","2421.27264610171","2376.08380306068","2261.28360832663","2752.91345381047","3392.92441342523","3712.78552494381","4663.54286427895","5405.10124041961","5116.74598909644","6179.39905431976","7148.86369473573","7747.84132093192","NA"
Colombia,"COL","GDP growth (annual %)","NY.GDP.MKTP.KD.ZG","NA","5.2653723815047","5.46650028239092","2.90411467785327","6.60234159495627","3.01248719732325","5.32236812954234","4.19063544677752","6.42744433639513","6.52093506685227","6.95651509881007","5.95122309893664","7.67341468205498","6.72748176042239","5.74252210855457","2.24804705945083","4.81718726879082","4.14801343897298","8.46344999947392","5.38285337293986","4.09819916131858","2.26321677427357","0.948480319272946","1.58437630414743","3.35510101624791","3.08826465182048","5.83829240968218","5.37150680628989","4.05982100230689","3.4174266555242","6.04203847760974","2.27723149661927","5.03267749660732","2.36565057428415","5.83581149447076","5.2024375925309","2.05585471215153","3.43029367828871","0.569784089854309","-4.20401524369917","4.41999299958367","1.67789830770366","2.5039804654986","3.9182719036083","5.33302206745392","4.70655593383118","6.69751525770528","6.90062765541222","3.54680488578107","1.65154924529054","3.9718007047375","6.64532888678495","4.21297881033094","NA"
Colombia,"COL","Progression to secondary school (%)","SE.SEC.PROG.ZS","NA","NA","NA","NA","NA","NA","NA","NA","NA","NA","NA","NA","NA","NA","NA","NA","NA","NA","NA","NA","NA","NA","NA","85.95967","50.79413","54.59067","56.83985","58.0413","58.65176","59.25688","NA","NA","NA","96.69995","NA","NA","NA","NA","94.18354","NA","89.59267","96.93048","NA","NA","97.50921","97.40309","97.44738","97.12042","98.00634","96.62128","96.22014","97.11379","NA","NA"
Colombia,"COL","Public spending on education, total (% of GDP)","SE.XPD.TOTL.GD.ZS","NA","NA","NA","NA","NA","NA","NA","NA","NA","NA","NA","NA","NA","NA","NA","NA","NA","NA","NA","1.75434","1.72912","2.59724","NA","NA","3.00429","2.71527","NA","NA","NA","2.70525","NA","NA","NA","NA","NA","NA","NA","NA","3.92644","4.4408","3.51121","3.70868","4.26813","4.32514","4.07935","3.99501","3.89332","4.0587","3.9098","4.74743","4.82616","4.44746","4.38377","NA"
Colombia,"COL","Life expectancy at birth, total (years)","SP.DYN.LE00.IN","56.716756097561","57.2477317073171","57.7392195121951","58.200756097561","58.6412682926829","59.0621707317073","59.4633414634146","59.8402195121951","60.1957804878049","60.5370487804878","60.8731951219512","61.2113902439024","61.5607804878049","61.9283902439024","62.3216097560976","62.7521463414634","63.2321219512195","63.7582682926829","64.3189756097561","64.9003414634146","65.4781707317073","66.0249268292683","66.5200731707317","66.9469268292683","67.2995365853659","67.5742926829269","67.7768048780488","67.9291951219512","68.0547317073171","68.1709756097561","68.2971951219512","68.4513170731707","68.6402195121951","68.8656341463415","69.1295853658537","69.4269268292683","69.7473658536586","70.074487804878","70.3939512195122","70.6995609756098","70.9872195121951","71.2579024390244","71.5172926829268","71.771","72.0186097560976","72.2606097560976","72.4955853658537","72.7230487804878","72.9435365853658","73.1580731707317","73.3676829268293","73.5738536585366","73.7770731707317","NA"
Colombia,"COL","Research and development expenditure (% of GDP)","GB.XPD.RSDV.GD.ZS","NA","NA","NA","NA","NA","NA","NA","NA","NA","NA","NA","NA","NA","NA","NA","NA","NA","NA","NA","NA","NA","NA","NA","NA","NA","NA","NA","NA","NA","NA","NA","NA","NA","NA","NA","NA","0.29923","0.27366","NA","NA","0.10603","0.10945","0.11597","0.14056","0.1425","0.14346","0.14165","0.17044","0.18178","0.19453","0.19377","0.18195","NA","NA"
Colombia,"COL","Income share held by highest 10%","SI.DST.10TH.10","NA","NA","NA","NA","NA","NA","NA","NA","NA","NA","NA","NA","NA","NA","NA","NA","NA","NA","NA","NA","47.45","NA","NA","NA","NA","NA","NA","NA","41.21","42.31","NA","39.49","40.38","NA","NA","NA","45.64","NA","NA","46.89","47","46.05","48.93","45.92","46.49","44.97","47.16","47.84","45.24","44.98","44.43","NA","NA","NA"
Colombia,"COL","Internet users (per 100 people)","IT.NET.USER.P2","NA","NA","NA","NA","NA","NA","NA","NA","NA","NA","NA","NA","NA","NA","NA","NA","NA","NA","NA","NA","NA","NA","NA","NA","NA","NA","NA","NA","NA","NA","0","NA","NA","NA","0.107173945315899","0.188046790408001","0.330017772736723","0.550521023153909","1.12622524463277","1.69773079358943","2.207532992624","2.85419997133433","4.6","7.38892371052557","9.1186903029666","11.0072638904585","15.3416745365682","21.8","25.6","30","36.5","40.4","48.9843188","NA"
Colombia,"COL","Mobile cellular subscriptions (per 100 people)","IT.CEL.SETS.P2","0","NA","NA","NA","NA","0","NA","NA","NA","NA","0","NA","NA","NA","NA","0","0","0","0","0","0","0","0","0","0","0","0","0","0","0","0","0","0","0","0.241692749696412","0.750781397496767","1.40416601899811","3.33698597290366","4.66766849747366","5.01230880319334","5.65642865564335","8.05071460961914","11.1523682472839","14.7740697010519","24.4560529517486","50.5973968244647","67.8872831756854","76.2749348909028","91.6101235892505","92.0464098066481","95.7645525770184","98.1342533172899","102.85493838968","NA"
Ecuador,"ECU","GDP per capita (current US$)","NY.GDP.PCAP.CD","223.790955331419","210.802120700643","200.562056672637","211.08809973201","228.323838272214","457.924066224367","452.675872414316","462.195193753147","453.999113548006","531.600221903932","475.12303718435","444.31600295756","499.65822594913","593.503587237984","978.912804384605","1115.89244045268","1277.11942624592","1507.86552788077","1587.78299863143","1839.0450320843","2260.78366725681","2688.306366091","2395.60196157243","2011.12715909601","1934.45928388964","1913.52385932979","1666.93722899186","1480.87352396175","1352.40013241635","1404.97794828506","1505.32307060845","1639.68643374977","1707.26341334414","1747.67024620831","2050.31815443986","2017.97355719394","2092.22419930154","2262.21040136254","2176.82634301588","1547.74548673105","1462.32021017267","1914.44916617172","2191.0096061862","2442.26903615911","2704.66515451777","3012.75243735434","3337.40036280521","3574.87789273035","4255.85199472837","4236.77755532099","4500.59155772334","5035.24249300543","5424.63361068466","NA"
Ecuador,"ECU","GDP growth (annual %)","NY.GDP.MKTP.KD.ZG","NA","1.54307932205204","4.55888374031184","3.87565819916512","7.81188915806059","4.71797343862733","-0.339525639357717","4.62107394070436","1.90943839921289","4.66923798032512","6.87192932986009","6.29260619628323","5.01764070360242","13.9506821321825","11.2085096276477","10.9721540015733","7.39718761930672","1.60484211178154","5.70682494457921","3.73404840122311","3.70868296886218","5.61286411959033","0.61484535364788","-0.336868770986328","2.62527326828874","3.93500141151873","3.46478251583862","-0.259098708350407","5.8904672900016","1.00577794619832","3.67991405278418","4.29134239802096","2.114310675128","1.97321807875184","4.25825046821247","2.25254877423716","1.73174751447954","4.32786476432231","3.26652940374666","-4.73938579085588","1.0918015643576","4.01562989958492","4.09677665885357","2.72287733695474","8.21102091734038","5.29130826699402","4.40352643383186","2.1900639722454","6.35713059990832","0.566491592100093","2.95307730167376","7.83463236856632","5.12326767563232","NA"
Ecuador,"ECU","Progression to secondary school (%)","SE.SEC.PROG.ZS","NA","NA","NA","NA","NA","NA","NA","NA","NA","NA","NA","63.73458","64.15444","NA","NA","74.18322","78.08561","80.36826","80.70416","75.86101","NA","81.45014","82.21305","81.97923","69.70422","75.54744","NA","NA","NA","NA","NA","NA","NA","NA","62.77796","NA","NA","NA","67.40368","68.33395","69.89491","72.75005","72.92775","73.6378","78.28033","77.60505","78.83292","NA","NA","95.85701","96.0172","93.78617","NA","NA"
Ecuador,"ECU","Public spending on education, total (% of GDP)","SE.XPD.TOTL.GD.ZS","NA","NA","NA","NA","NA","NA","NA","NA","NA","NA","2.00283","1.8794","NA","NA","NA","NA","NA","2.41884","NA","NA","NA","NA","NA","NA","4.20342","5.23335","6.87238","NA","NA","NA","NA","NA","NA","NA","NA","2.13739","NA","NA","2.34335","1.59842","1.15093","0.85008","NA","NA","NA","NA","NA","NA","NA","NA","4.19899","4.45544","4.35826","NA"
Ecuador,"ECU","Life expectancy at birth, total (years)","SP.DYN.LE00.IN","53.1244390243902","53.760756097561","54.3544878048781","54.8966341463415","55.3851951219512","55.8247073170732","56.2256585365854","56.6065853658537","56.9855365853659","57.3734634146342","57.7778780487805","58.201243902439","58.6410487804878","59.096243902439","59.5698536585366","60.0668048780488","60.5901219512195","61.1408048780488","61.7153658536585","62.3103658536585","62.9238292682927","63.5508536585366","64.1859512195122","64.8206585365854","65.4489756097561","66.0633902439024","66.6593658536585","67.2353414634146","67.7912926829268","68.3251951219512","68.8390731707317","69.3374390243903","69.8228292682927","70.298756097561","70.766243902439","71.227243902439","71.6822195121951","72.1286585365854","72.5605609756098","72.9739268292683","73.3568536585366","73.6973902439024","73.9905853658537","74.239","74.4471463414634","74.629","74.8000487804878","74.9787317073171","75.176512195122","75.3993414634146","75.6477073170732","75.9166097560976","76.1925609756098","NA"
Ecuador,"ECU","Research and development expenditure (% of GDP)","GB.XPD.RSDV.GD.ZS","NA","NA","NA","NA","NA","NA","NA","NA","NA","NA","NA","NA","NA","NA","NA","NA","NA","NA","NA","NA","NA","NA","NA","NA","NA","NA","NA","NA","NA","NA","NA","NA","NA","NA","NA","NA","0.0878","0.07459","0.07838","NA","NA","0.05929","0.06392","0.06547","NA","NA","0.14435","0.1479","0.25953","NA","NA","NA","NA","NA"
Ecuador,"ECU","Income share held by highest 10%","SI.DST.10TH.10","NA","NA","NA","NA","NA","NA","NA","NA","NA","NA","NA","NA","NA","NA","NA","NA","NA","NA","NA","NA","NA","NA","NA","NA","NA","NA","NA","38.44","NA","NA","NA","NA","NA","NA","42.97","40.07","NA","NA","38.8","49.02","46","NA","NA","43.48","NA","42.55","42.45","43.25","39.28","38.28","38.32","NA","NA","NA"
Ecuador,"ECU","Internet users (per 100 people)","IT.NET.USER.P2","NA","NA","NA","NA","NA","NA","NA","NA","NA","NA","NA","NA","NA","NA","NA","NA","NA","NA","NA","NA","NA","NA","NA","NA","NA","NA","NA","NA","NA","NA","0","NA","0.00511803538907445","0.0164007512637462","0.034833586115011","0.043833641162384","0.086161275641811","0.110217959406047","0.125272771019497","0.823371634386107","1.46218853556457","2.67044367376705","4.26079691519764","4.46022834472698","4.83444263759525","5.99425516097331","7.2","10.8","18.8","24.6","29.03","31.4","35.1345062239322","NA"
Ecuador,"ECU","Mobile cellular subscriptions (per 100 people)","IT.CEL.SETS.P2","0","NA","NA","NA","NA","0","NA","NA","NA","NA","0","NA","NA","NA","NA","0","0","0","0","0","0","0","0","0","0","0","0","0","0","0","0","0","0","0","0.170828211647125","0.4805669948214","0.517246854350177","1.07214087221696","2.01629999998339","3.11862257614657","3.84751976907206","6.72217202132343","11.9789415858323","18.0587050744567","26.1966897849974","45.3384089909576","60.505923519965","69.6642867450352","80.5137495502123","89.735548395736","98.531158306553","100.565599366831","106.225532949865","NA"
Mexico,"MEX","GDP per capita (current US$)","NY.GDP.PCAP.CD","337.569452187444","354.386897775116","369.135277097581","397.902512624129","456.851720059801","481.479490942387","520.209295978757","550.225823992703","589.777927147651","633.084476723092","670.7484507266","717.058205489079","801.090097552004","950.403962480537","1200.98335405954","1426.12718687539","1402.25626476031","1253.81791096558","1529.81735531653","1957.93429277325","2762.59420060941","3477.41879582357","2366.26177876954","1988.06442074217","2300.32245039667","2369.31224717281","1630.01934260144","1731.66793271698","2216.29503823001","2644.19760264343","3052.03217333994","3577.80816131283","4050.99945490508","5566.49945670397","5709.96627246692","3640.4278481454","4133.44835127981","4912.96560872656","5045.54813138336","5734.05609252583","6663.65243492222","6962.81001686949","7031.9710537128","6683.2280505493","7083.46852450189","7858.76216997313","8618.25138046274","9191.0573566548","9559.7931635885","7690.5463080501","8884.56010318252","9717.47306128687","9748.86868629861","NA"
Mexico,"MEX","GDP growth (annual %)","NY.GDP.MKTP.KD.ZG","NA","4.99999999999967","4.66441466800241","8.10688692997417","11.9054807647557","7.10000000000002","6.09613930067468","5.85492487788473","9.42327881868169","3.41862002602124","6.50248403316549","3.76246768665263","8.22880731021358","7.8611198607363","5.7768272312761","5.74448504894791","4.41744413515262","3.39063970727464","8.95694232690174","9.69817013836951","9.23325198406448","8.77260056146687","-0.627902609898882","-4.19629657455187","3.61018091194589","2.59338413903096","-3.75391988098603","1.855746991852","1.245438058348","4.19829325913858","5.06830631231925","4.22225071565867","3.62865871385682","4.061428358955","4.72735790303969","-5.75868514604304","5.87476668289335","6.96288880136974","4.70184241601579","2.66701314742662","5.29647639694038","-0.605497234942604","0.13192206103794","1.42266632494068","4.29571676174629","3.03257596655244","5.00138311545429","3.14822368840564","1.40029431396513","-4.7003398401977","5.06646641125212","3.98232820507994","3.78425086378455","NA"
Mexico,"MEX","Progression to secondary school (%)","SE.SEC.PROG.ZS","NA","NA","NA","NA","NA","NA","NA","NA","NA","NA","NA","NA","NA","NA","NA","NA","NA","68.75529","70.48967","73.22853","74.58761","73.78142","80.6498","79.42438","NA","78.03613","79.56007","81.13011","81.20192","81.70139","81.72519","80.57561","79.1013","80.65048","81.94131","82.7094","NA","83.08782","NA","89.14763","90.22606","91.76854","92.85508","93.5946","93.65609","93.79031","94.23376","93.81554","94.37771","94.8203","95.8942","NA","NA","NA"
Mexico,"MEX","Public spending on education, total (% of GDP)","SE.XPD.TOTL.GD.ZS","NA","NA","NA","NA","NA","NA","NA","NA","NA","NA","NA","NA","NA","NA","NA","NA","NA","NA","NA","NA","NA","NA","NA","NA","NA","NA","NA","NA","NA","2.26588","2.31209","2.53738","3.00129","NA","3.60403","3.82871","NA","NA","3.488","3.61697","4.08317","4.37545","4.58335","5.12295","4.77211","4.88613","4.74371","4.7318","4.85821","5.21739","5.21297","NA","NA","NA"
Mexico,"MEX","Life expectancy at birth, total (years)","SP.DYN.LE00.IN","57.0656341463415","57.6561463414634","58.180243902439","58.6429024390244","59.0555853658537","59.4337073170732","59.7932195121951","60.1515365853659","60.5230975609756","60.9193658536585","61.350243902439","61.8191707317073","62.3176585365854","62.8378292682927","63.3742682926829","63.9201463414634","64.4686097560976","65.0128292682927","65.5459268292683","66.0630243902439","66.5602195121951","67.0370487804878","67.4959268292683","67.9407804878049","68.3720243902439","68.7926097560976","69.2034390243902","69.6074146341464","70.0064878048781","70.4015853658537","70.7957317073171","71.1909756097561","71.5858292682927","71.9778292682927","72.3638536585366","72.7382682926829","73.0924146341464","73.4226585365854","73.7264634146342","74.0058048780488","74.2652682926829","74.5109756097561","74.7505853658537","74.991756097561","75.2365609756098","75.4855365853659","75.7366585365854","75.9843902439024","76.2266585365854","76.4614634146341","76.6902926829268","76.9141707317073","77.1350731707317","NA"
Mexico,"MEX","Research and development expenditure (% of GDP)","GB.XPD.RSDV.GD.ZS","NA","NA","NA","NA","NA","NA","NA","NA","NA","NA","NA","NA","NA","NA","NA","NA","NA","NA","NA","NA","NA","NA","NA","NA","NA","NA","NA","NA","NA","NA","NA","NA","NA","NA","NA","NA","0.30945","0.34426","0.37744","0.42922","0.37273","0.39433","0.43617","0.39614","0.39964","0.41183","0.37818","0.37106","0.40634","0.43812","0.47731","0.45645","NA","NA"
Mexico,"MEX","Income share held by highest 10%","SI.DST.10TH.10","NA","NA","NA","NA","NA","NA","NA","NA","NA","NA","NA","NA","NA","NA","NA","NA","NA","NA","NA","NA","NA","NA","NA","NA","35.1","NA","NA","NA","NA","16.94","NA","NA","40.26","NA","41.48","NA","37.98","NA","37.74","NA","41.42","NA","39.38","NA","35.64","40.22","38.28","NA","38.68","NA","37.51","NA","NA","NA"
Mexico,"MEX","Internet users (per 100 people)","IT.NET.USER.P2","NA","NA","NA","NA","NA","NA","NA","NA","NA","NA","NA","NA","NA","NA","NA","NA","NA","NA","NA","NA","NA","NA","NA","NA","NA","NA","NA","NA","NA","NA","0","0.00588069493112912","0.0173078098676624","0.0283050415762566","0.0433391667851826","0.102564189852775","0.20040628032987","0.627311539559522","1.26578327821238","1.85743622125093","5.08138415338066","7.0380231165045","11.9","12.9","14.1","17.21","19.52","20.81","21.71","26.34","31.05","34.96","38.42","NA"
Mexico,"MEX","Mobile cellular subscriptions (per 100 people)","IT.CEL.SETS.P2","0","NA","NA","NA","NA","0","NA","NA","NA","NA","0","NA","NA","NA","NA","0","0","0","0","0","0","0","0","0","0","0","0","0","0.00181520417924865","0.0100798178081232","0.0742660606542486","0.183067274908137","0.348322481105733","0.421293923943775","0.608553990916788","0.721767370602474","1.05132086754228","1.75895661731274","3.32688984273134","7.55656591659192","13.5528941437453","20.6546273069979","24.29476814893","27.8537176060571","35.1532182529869","42.5611567174915","49.408753526036","58.6272950897596","65.4994811210096","71.4581751168363","77.5182632596037","79.2411829391876","83.3507082650968","NA"
Paraguay,"PRY","GDP per capita (current US$)","NY.GDP.PCAP.CD","NA","NA","NA","NA","NA","183.714022013767","188.49558678811","196.478597395774","202.114696737126","211.65412631273","220.851671294977","239.148839673204","267.275557560987","332.843584683377","438.272693709742","481.91714731029","535.685564779199","648.134091505364","776.05962102648","1007.70903254423","1280.08910962867","1585.53710792614","1494.77847486404","1499.71080402746","1130.68384147054","800.924642363131","902.565859759915","963.928022252325","1013.25893799805","1111.29567236569","1340.1272036764","1601.78768873658","1600.87892843822","1582.38735848955","1677.64145044018","1887.22298084865","1992.87207844037","1984.6022407583","1758.92700690518","1601.53355847296","1531.88890156587","1403.24605146286","1135.2953914257","1159.39777670846","1386.74604400621","1479.40376947238","1772.63532858601","2259.08273496944","2967.4063621543","2513.62827953771","3100.50163991722","3956.72948180981","3813.47148779887","NA"
Paraguay,"PRY","GDP growth (annual %)","NY.GDP.MKTP.KD.ZG","NA","6.90028551419455","3.30025851773104","4.71029133746063","4.21247735842014","6.16797475923975","1.99150333312834","9.15036720420407","4.52707384133248","4.70115140831635","5.55342573587623","5.53815193878904","6.63129747592768","7.3028129073294","8.38152543806076","6.85244471480992","7.52594953069755","11.494081602258","12.0287299452604","11.8621469725165","11.7121459429284","9.17045884963589","-1.39761771742663","-3.04261788540944","2.81659944670034","4.52313567845684","4.96483566429743","7.5823043769049","5.91537206602051","6.93520391012297","4.12328287958161","3.4936501550676","1.69642801123511","4.93635941476602","5.31791766018262","6.82281030361955","1.57378513173163","4.24251610273612","0.0680377584851328","-1.36607971655586","-2.31414056875019","-0.834054712840654","-0.0214043981236358","4.32074548638674","4.05741836200346","2.1334906666149","4.80711719270724","5.42162287220158","6.3591207932471","-3.96569546408787","13.0930015227242","4.34068816468735","-1.21310189048057","NA"
Paraguay,"PRY","Progression to secondary school (%)","SE.SEC.PROG.ZS","NA","NA","NA","NA","NA","NA","NA","NA","NA","NA","NA","NA","NA","NA","NA","NA","NA","NA","NA","NA","NA","NA","NA","NA","NA","NA","NA","NA","NA","NA","NA","NA","NA","NA","NA","NA","NA","NA","89.60778","93.44338","91.18067","90.15984","90.77841","90.3298","89.3411","NA","87.47904","88.38206","89.00055","90.86265","91.85252","NA","NA","NA"
Paraguay,"PRY","Public spending on education, total (% of GDP)","SE.XPD.TOTL.GD.ZS","NA","NA","NA","NA","NA","NA","NA","NA","NA","NA","2.2811","2.47197","NA","NA","NA","NA","NA","NA","NA","NA","NA","NA","NA","NA","NA","1.54465","NA","NA","NA","NA","1.06207","NA","NA","NA","NA","NA","NA","NA","4.30809","4.45497","4.57071","4.25042","3.87704","3.94925","3.43809","NA","NA","3.54604","NA","NA","3.76766","4.80248","NA","NA"
Paraguay,"PRY","Life expectancy at birth, total (years)","SP.DYN.LE00.IN","63.7937073170732","64.0182682926829","64.2269024390244","64.4110487804878","64.5702195121951","64.7078048780488","64.8357317073171","64.9664634146341","65.1089512195122","65.2657317073171","65.4333902439025","65.606512195122","65.7752195121951","65.9320975609756","66.0761463414634","66.2069024390244","66.3258048780488","66.4387804878049","66.549756097561","66.6607073170732","66.7710975609756","66.8789512195122","66.9837804878049","67.0865853658537","67.1888780487805","67.2946829268293","67.411","67.5398536585366","67.683243902439","67.8421707317073","68.0126097560976","68.1910487804878","68.3704634146341","68.5508536585366","68.730756097561","68.9152195121951","69.1128048780488","69.3270487804878","69.5614634146341","69.8125365853659","70.0767073170732","70.3469024390244","70.6150487804878","70.8715609756098","71.1109268292683","71.3265609756098","71.5134878048781","71.6742195121951","71.8118048780488","71.9277804878049","72.0266585365854","72.1134634146341","72.1937317073171","NA"
Paraguay,"PRY","Research and development expenditure (% of GDP)","GB.XPD.RSDV.GD.ZS","NA","NA","NA","NA","NA","NA","NA","NA","NA","NA","NA","NA","NA","NA","NA","NA","NA","NA","NA","NA","NA","NA","NA","NA","NA","NA","NA","NA","NA","NA","NA","NA","NA","NA","NA","NA","NA","NA","NA","NA","NA","0.08829","0.1059","0.085","0.084","0.08751","NA","NA","0.05996","NA","NA","0.05983","NA","NA"
Paraguay,"PRY","Income share held by highest 10%","SI.DST.10TH.10","NA","NA","NA","NA","NA","NA","NA","NA","NA","NA","NA","NA","NA","NA","NA","NA","NA","NA","NA","NA","NA","NA","NA","NA","NA","NA","NA","NA","NA","NA","30.68","NA","NA","NA","NA","46.08","NA","NA","42.56","43.1","NA","44.27","43.97","45.37","42.96","40.71","43.61","42.21","40.81","38.95","41.11","NA","NA","NA"
Paraguay,"PRY","Internet users (per 100 people)","IT.NET.USER.P2","NA","NA","NA","NA","NA","NA","NA","NA","NA","NA","NA","NA","NA","NA","NA","NA","NA","NA","NA","NA","NA","NA","NA","NA","NA","NA","NA","NA","NA","NA","0","NA","NA","NA","NA","NA","0.020359611823641","0.0995767192816775","0.194904950702691","0.381657320196943","0.747630711548184","1.09879383569333","1.79496959770244","2.11194208210034","3.45243843137079","7.90700786141285","7.96207388394416","11.21","14.27","18.9","19.8","23.9","27.0758","NA"
Paraguay,"PRY","Mobile cellular subscriptions (per 100 people)","IT.CEL.SETS.P2","0","NA","NA","NA","NA","0","NA","NA","NA","NA","0","NA","NA","NA","NA","0","0","0","0","0","0","0","0","0","0","0","0","0","0","0","0","0","0.0335500367484736","0.0739950102479815","0.163267220055865","0.329186723239496","0.66901466518422","1.67766288654805","4.51242446727294","8.31267779206655","15.3415174945932","21.0598757906839","29.9211450826018","31.1551558774099","30.1907193272263","31.9604618430702","53.7482910849123","76.6390625089282","92.8600762828125","88.5189849107892","91.6581072154664","99.3299353409816","101.590193799916","NA"
Peru,"PER","GDP per capita (current US$)","NY.GDP.PCAP.CD","252.097262529666","276.24939469937","304.231546295139","323.787379447171","380.597116636792","438.270065454538","504.081508973695","496.934570190873","447.52173342921","487.164130688247","548.34328938913","594.71657024382","641.10593530499","745.952820378067","914.540692722295","1082.37319213055","995.726601730385","888.563416289727","739.276205050076","920.243200464865","1192.32305166219","1405.28326062654","1363.33320255517","1026.22236439565","1040.05683160443","964.824968548237","900.078517693501","1170.44667528385","592.823346482409","964.876031428651","1207.71307895933","1555.1219657026","1593.14023298818","1509.18758498356","1910.1405640787","2241.79608723684","2293.20100078981","2388.99659929646","2251.4417268289","2011.18838833186","2049.62409031145","2045.16262767289","2123.92563010393","2265.94645380773","2544.35134795245","2863.48045970209","3297.55580020601","3794.5026428761","4525.22004944048","4495.15927919473","5386.00723800115","6112.16462609743","6795.77249780419","NA"
Peru,"PER","GDP growth (annual %)","NY.GDP.MKTP.KD.ZG","NA","7.35005259494483","8.34019223547288","3.72054641668902","6.60028170535463","4.93924288975538","8.39487936976846","3.77470350471283","0.354541415100812","3.7946526738281","5.8368764690681","4.18088623062829","2.86977596823961","5.37567057947126","9.2500737966806","3.40156396454729","1.96072322944292","0.402916601398019","0.282736408660583","5.7963968202065","3.07753741879317","7.18058635422744","-0.599999999999952","-11.8","5.19999999999996","2.80000000000007","10","8.00000000000031","-8.70000000000027","-11.7","-5.14324249973792","2.1658994437939","-0.428767102304619","4.76499455513229","12.8216397103739","8.60891158833455","2.51822068596816","6.86406105306456","-0.657951033755893","0.914130992149566","2.95059294440148","0.214894739369839","5.02018318326421","4.03227906015245","4.97673127247116","6.82668865755707","7.7404896312682","8.86853266570553","9.76208755722736","0.92235948462671","8.79119112418174","6.90395737054537","6.3301146561184","NA"
Peru,"PER","Progression to secondary school (%)","SE.SEC.PROG.ZS","NA","NA","NA","NA","NA","NA","NA","NA","NA","NA","49.7067","NA","NA","NA","52.46947","58.61058","59.4278","59.95501","65.2847","72.8057","76.37359","79.66443","NA","NA","NA","81.74606","NA","NA","NA","NA","NA","NA","NA","NA","NA","81.98515","NA","NA","92.48684","93.11643","93.76716","93.97002","NA","NA","NA","NA","NA","93.38328","94.71841","93.89353","92.2758","89.36527","NA","NA"
Peru,"PER","Public spending on education, total (% of GDP)","SE.XPD.TOTL.GD.ZS","NA","NA","NA","NA","NA","NA","NA","NA","NA","NA","NA","NA","NA","3.48411","NA","NA","NA","NA","NA","NA","NA","NA","NA","NA","NA","NA","NA","NA","NA","NA","NA","NA","NA","NA","NA","NA","3.08524","NA","3.20531","3.35132","NA","2.9298","2.9749","2.81271","2.83396","2.72072","2.54763","2.49927","2.67419","2.91684","2.68876","2.53117","2.76046","NA"
Peru,"PER","Life expectancy at birth, total (years)","SP.DYN.LE00.IN","47.6915853658537","48.2329268292683","48.7527804878049","49.2486585365854","49.7280487804878","50.2144390243902","50.7367804878049","51.3185365853659","51.9691951219512","52.6872682926829","53.453756097561","54.2416829268293","55.0175853658537","55.758","56.4514146341464","57.0968292682927","57.704756097561","58.2941463414634","58.881","59.4703414634146","60.0636341463415","60.6589268292683","61.2497073170732","61.830512195122","62.3993658536585","62.9548292682927","63.4944390243903","64.0192195121951","64.5321707317073","65.034756097561","65.5304390243902","66.0236585365854","66.5173658536585","67.0134878048781","67.5125121951219","68.0154390243902","68.523756097561","69.0325365853659","69.5368048780488","70.0300975609756","70.5054390243902","70.9523902439025","71.3669268292683","71.7475609756098","72.0968048780488","72.4186097560976","72.7209756097561","73.0148780487805","73.3072926829268","73.6036829268293","73.9050975609756","74.2105365853659","74.5155365853659","NA"
Peru,"PER","Research and development expenditure (% of GDP)","GB.XPD.RSDV.GD.ZS","NA","NA","NA","NA","NA","NA","NA","NA","NA","NA","NA","NA","NA","NA","NA","NA","NA","NA","NA","NA","NA","NA","NA","NA","NA","NA","NA","NA","NA","NA","NA","NA","NA","NA","NA","NA","NA","0.08221","0.09848","0.09591","0.1093","0.10704","0.10244","0.10353","0.14925","NA","NA","NA","NA","NA","NA","NA","NA","NA"
Peru,"PER","Income share held by highest 10%","SI.DST.10TH.10","NA","NA","NA","NA","NA","NA","NA","NA","NA","NA","NA","NA","NA","NA","NA","NA","NA","NA","NA","NA","NA","NA","NA","NA","NA","NA","35.51","NA","NA","NA","NA","NA","NA","NA","34.29","NA","NA","27.56","44.24","44.93","38.35","41.93","43.99","44.16","38.83","39.68","39.18","39.34","36.85","36.78","36.11","NA","NA","NA"
Peru,"PER","Internet users (per 100 people)","IT.NET.USER.P2","NA","NA","NA","NA","NA","NA","NA","NA","NA","NA","NA","NA","NA","NA","NA","NA","NA","NA","NA","NA","NA","NA","NA","NA","NA","NA","NA","NA","NA","NA","0","NA","NA","NA","0.00850457833343858","0.0334123047076893","0.246232579968339","0.403429701123947","1.19038044043045","1.95249760760468","3.07643061137675","7.57876295717419","8.96694917040028","11.6","14.1","17.1","20.7","25.2","30.57","31.4","34.77","36","38.2","NA"
Peru,"PER","Mobile cellular subscriptions (per 100 people)","IT.CEL.SETS.P2","0","NA","NA","NA","NA","0","NA","NA","NA","NA","0","NA","NA","NA","NA","0","0","0","0","0","0","0","0","0","0","0","0","0","0","0","0.00757852906262552","0.0256602344562117","0.0951451177176898","0.157267207166186","0.222020352886464","0.307206642677901","0.824805563986024","1.70155896434247","2.94619507096037","3.95648326793428","4.89943492481562","6.79986218903899","8.63056810257005","10.8237241855768","14.9342473656525","20.1395931455588","32.535769368201","54.4232697846438","73.1925741506876","85.3670503139474","99.4953290573742","109.611814490462","98.0001100447515","NA"
Uruguay,"URY","GDP per capita (current US$)","NY.GDP.PCAP.CD","489.99663868105","602.536383028365","656.372408990356","583.984816041089","740.748812747917","701.070716586773","664.245029350896","581.087698056401","574.317296829295","717.060049210916","760.589461453252","996.05484904018","775.966776444448","1404.62999849217","1448.24045192611","1250.11297688902","1290.52553839636","1440.09484420523","1707.30986920473","2479.67558703359","3485.57743270028","3764.35843504936","3106.99702102387","1715.95470315208","1620.72115566584","1571.09784309655","1939.95715247947","2415.58217208571","2676.18629053335","2731.95406770728","2990.03732071811","3578.04032810562","4082.26862880755","4720.82204332851","5458.69906534029","5984.91652404526","6317.14515064832","7328.96735425745","7712.15650757916","7248.34874556397","6872.73368582428","6282.02090203422","4089.10431225275","3622.29733738724","4117.64944746933","5221.67318809186","5879.34033944211","7012.53569238212","9067.50466806973","8995.69261220418","11520.2936980594","13723.9218518615","14702.8003940863","NA"
Uruguay,"URY","GDP growth (annual %)","NY.GDP.MKTP.KD.ZG","NA","2.49303793895228","-1.57454887358077","0.17045885243256","2.44052077784444","1.04560403824453","3.06285595216951","-3.65683410196365","1.88891173546364","5.86474062853655","2.33321340810872","-0.251711545672933","-1.31956986131861","0.275199589927453","2.89534463955876","6.09691428784933","3.93547016783393","1.45546120750927","5.37398532833622","6.19911672243339","5.84340092182624","1.55955980754503","-9.75787145176891","-10.2743992058923","-1.1426174147831","1.46653600046123","8.80980831070231","7.99313719404746","1.48093745000692","1.10390105387536","0.297348368825226","3.5388084946436","7.93158840506077","2.65754611080027","7.28134266009208","-1.44759897843487","5.57795777021141","8.54768322073205","4.51889009187279","-1.93921215536807","-1.92993063157206","-3.84412995714339","-7.73200721950042","0.805283919825328","5.00416035699713","7.46013206491951","4.09857739818736","6.5415108494737","7.17614466103376","2.24548492087906","8.9471594270276","6.53065206539665","3.93534410661016","NA"
Uruguay,"URY","Progression to secondary school (%)","SE.SEC.PROG.ZS","NA","NA","NA","NA","NA","NA","NA","NA","NA","NA","NA","NA","NA","NA","NA","NA","NA","NA","NA","NA","NA","NA","NA","NA","NA","NA","NA","NA","NA","NA","NA","NA","NA","NA","NA","NA","NA","NA","NA","85.16523","79.56115","81.6861","81.54916","80.76482","80.33536","81.21914","77.00986","86.7619","80.98211","79.96257","NA","NA","NA","NA"
Uruguay,"URY","Public spending on education, total (% of GDP)","SE.XPD.TOTL.GD.ZS","NA","NA","NA","NA","NA","NA","NA","NA","NA","NA","NA","NA","NA","NA","NA","NA","NA","NA","NA","1.98713","2.15951","NA","NA","NA","2.37339","2.56679","3.10283","NA","NA","NA","NA","2.47908","2.41153","NA","2.27172","2.5214","2.86987","NA","2.24337","NA","2.42255","2.80096","2.3222","2.06821","2.49954","2.71475","2.88026","NA","NA","NA","NA","4.49856","NA","NA"
Uruguay,"URY","Life expectancy at birth, total (years)","SP.DYN.LE00.IN","67.8958780487805","68.1122682926829","68.2966341463415","68.4409268292683","68.5431463414634","68.6068048780488","68.6359268292683","68.645512195122","68.6510975609756","68.6617073170732","68.6858048780488","68.7303658536586","68.7959024390244","68.8839024390244","68.9973658536585","69.1428292682927","69.3213170731707","69.5298536585366","69.7644634146342","70.0186097560976","70.2862926829268","70.5589756097561","70.8316097560976","71.0961707317073","71.3486341463415","71.5834634146342","71.7985853658537","71.9975609756098","72.1849024390244","72.3641951219512","72.5395365853659","72.7190487804878","72.9073170731707","73.1063902439024","73.3172682926829","73.5394634146342","73.7678780487805","73.9969268292683","74.223","74.4435609756098","74.6600975609756","74.8726097560976","75.0861219512195","75.2996829268293","75.5132682926829","75.7228536585366","75.9249512195122","76.1160487804878","76.2951219512195","76.4611707317073","76.6162195121951","76.7642682926829","76.9078292682927","NA"
Uruguay,"URY","Research and development expenditure (% of GDP)","GB.XPD.RSDV.GD.ZS","NA","NA","NA","NA","NA","NA","NA","NA","NA","NA","NA","NA","NA","NA","NA","NA","NA","NA","NA","NA","NA","NA","NA","NA","NA","NA","NA","NA","NA","NA","NA","NA","NA","NA","NA","NA","0.26501","0.34994","0.19186","0.22417","0.20925","NA","0.23818","NA","NA","NA","0.35919","0.39948","0.36265","0.43879","0.40376","NA","NA","NA"
Uruguay,"URY","Income share held by highest 10%","SI.DST.10TH.10","NA","NA","NA","NA","NA","NA","NA","NA","NA","NA","NA","NA","NA","NA","NA","NA","NA","NA","NA","NA","NA","33.32","NA","NA","NA","NA","NA","NA","NA","32.22","NA","NA","30.52","NA","NA","31.2","31.72","31.91","32.5","NA","33.05","34.43","34.86","35.09","35.56","34.32","35.92","36.31","35.08","35.24","34.36","NA","NA","NA"
Uruguay,"URY","Internet users (per 100 people)","IT.NET.USER.P2","NA","NA","NA","NA","NA","NA","NA","NA","NA","NA","NA","NA","NA","NA","NA","NA","NA","NA","NA","NA","NA","NA","NA","NA","NA","NA","NA","NA","NA","NA","0","NA","NA","NA","0.0624743855019442","0.310128582411554","1.84747208854564","3.36323966812774","6.98706936489058","9.97276528462272","10.5390577480141","11.1214376832783","11.4194701966853","15.9371367159756","17.0630983403661","20.0881895579305","29.4","34","39.3","41.8","46.4","51.4","55.1146","NA"
Uruguay,"URY","Mobile cellular subscriptions (per 100 people)","IT.CEL.SETS.P2","0","NA","NA","NA","NA","0","NA","NA","NA","NA","0","NA","NA","NA","NA","0","0","0","0","0","0","0","0","0","0","0","0","0","0","0","0","0","0.0542689744083113","0.156362742682434","0.213198968523086","1.23757010255916","2.42029076991056","3.03420006855118","4.59768683257805","9.64467173826583","12.3699689325686","15.6305440545491","15.4328474830954","14.9614588993661","18.0445282569283","34.7329071877852","69.965740971234","89.9933321031972","104.745381913692","122.352162564861","131.589017972219","140.607202157775","147.13068510653","NA"
"Venezuela, RB","VEN","GDP per capita (current US$)","NY.GDP.PCAP.CD","1135.52519605188","1133.46502490528","1208.15086083873","1257.84657991696","1037.31615462391","1055.76264891092","1073.3502876974","1077.45159865308","1142.49262419966","1149.80561887699","1211.55517216292","1304.55901391377","1387.17705427102","1636.64715776322","2364.38332038289","2465.73198950712","2748.70045203192","3097.29239307327","3286.70722935907","3811.06694037604","4447.08543474876","4855.37849673072","4796.23792876095","4784.21746931292","3317.10828780223","3344.4879634439","3311.08700366745","2481.05718533309","3113.52187699495","2188.52162584399","2382.25106057224","2558.72404694499","2825.7961017141","2746.06974613377","2613.90537311104","3389.83587032951","3026.07080224562","3728.7879966012","3889.60990609118","4091.63200055915","4799.64601799954","4942.00061033584","3666.65244220441","3241.51961569879","4282.01532637698","5444.66251785196","6747.75912469091","8329.64048824985","11223.2113050461","11524.9805306324","13559.3318233782","10727.9825698731","12728.7268472749","NA"
"Venezuela, RB","VEN","GDP growth (annual %)","NY.GDP.MKTP.KD.ZG","NA","3.1925193475513","8.53293339907609","3.90095146830775","11.1293448979255","4.16286684208175","1.51025022216508","2.83386913600197","7.33723260866334","0.706036852223519","7.71191435292704","1.47929105944496","1.28280513958916","7.10995776474699","2.06933307125996","2.89625813246874","7.72773949673619","6.27078355217596","2.34689638544185","0.764355285841972","-4.4213223529045","-0.362810861321165","-2.07100618192121","-3.76481699190194","1.44216454382851","0.193300196157182","6.51034489312946","3.58165006636398","5.8213683478306","-8.56988188175153","6.46794075617372","9.72988794112702","6.06047326906234","0.275388067235681","-2.34950788424257","3.95166276209102","-0.197837378028083","6.37093151973625","0.29405516051952","-5.97045814641","3.68694416687683","3.3942361077907","-8.85564735286779","-7.75530004959883","18.2866066891245","10.3179138043148","9.87214910851037","8.7535788078585","5.27785412398782","-3.20230265749002","-1.48879125078348","4.17642535923927","5.62595697508641","NA"
"Venezuela, RB","VEN","Progression to secondary school (%)","SE.SEC.PROG.ZS","NA","NA","NA","NA","NA","NA","NA","NA","NA","NA","NA","NA","59.85453","78.16705","80.67351","78.55272","81.78317","81.73825","82.13968","83.78199","81.41647","82.13637","81.64997","85.38733","88.3842","86.3554","85.90026","86.02443","85.99929","87.59018","88.35996","86.96369","86.12901","88.92968","NA","NA","84.06698","86.52599","NA","94.22493","96.34555","96.9485","96.56984","97.1189","98.04736","98.13619","98.1205","95.29621","97.03296","96.87755","98.52532","97.86023","NA","NA"
"Venezuela, RB","VEN","Public spending on education, total (% of GDP)","SE.XPD.TOTL.GD.ZS","NA","NA","NA","NA","NA","NA","NA","NA","NA","NA","3.74569","3.71158","4.24637","NA","3.55505","4.56099","NA","4.50385","NA","NA","3.88187","4.56524","4.4317","5.21235","4.34761","NA","NA","4.16009","3.74109","NA","2.52841","NA","4.45462","3.94532","5.17319","NA","NA","NA","NA","NA","NA","NA","NA","NA","NA","NA","3.66906","3.62732","NA","6.87468","NA","NA","NA","NA"
"Venezuela, RB","VEN","Life expectancy at birth, total (years)","SP.DYN.LE00.IN","59.5291951219512","60.114243902439","60.6974878048781","61.2764146341463","61.8485609756098","62.4109512195122","62.9616585365854","63.4988048780488","64.019","64.5193170731707","64.9958780487805","65.445756097561","65.8679268292683","66.2624390243903","66.628243902439","66.9633414634147","67.2626585365854","67.5296585365854","67.771243902439","67.9959268292683","68.2191707317073","68.4565365853659","68.7195365853659","69.0106829268293","69.3279512195122","69.6642926829268","70.0036829268293","70.3285609756098","70.6243658536585","70.8850975609756","71.1077317073171","71.295243902439","71.4566829268293","71.6030731707317","71.7379268292683","71.8652682926829","71.9856097560976","72.0999512195122","72.2113170731707","72.3242195121951","72.4441463414634","72.5770731707317","72.7250243902439","72.8879512195122","73.0658780487805","73.2537804878049","73.4476829268293","73.6390975609756","73.8250243902439","74.0024878048781","74.1704634146342","74.3309756097561","74.487512195122","NA"
"Venezuela, RB","VEN","Research and development expenditure (% of GDP)","GB.XPD.RSDV.GD.ZS","NA","NA","NA","NA","NA","NA","NA","NA","NA","NA","NA","NA","NA","NA","NA","NA","NA","NA","NA","NA","NA","NA","NA","NA","NA","NA","NA","NA","NA","NA","NA","NA","NA","NA","NA","NA","NA","NA","NA","NA","NA","NA","NA","NA","NA","NA","NA","NA","NA","NA","NA","NA","NA","NA"
"Venezuela, RB","VEN","Income share held by highest 10%","SI.DST.10TH.10","NA","NA","NA","NA","NA","NA","NA","NA","NA","NA","NA","NA","NA","NA","NA","NA","NA","NA","NA","NA","NA","43.73","NA","NA","NA","NA","NA","40.78","NA","32.42","NA","NA","31.59","NA","NA","35.58","NA","NA","35.73","35.97","NA","35.27","36.22","35.09","34.66","36.26","33.17","NA","NA","NA","NA","NA","NA","NA"
"Venezuela, RB","VEN","Internet users (per 100 people)","IT.NET.USER.P2","NA","NA","NA","NA","NA","NA","NA","NA","NA","NA","NA","NA","NA","NA","NA","NA","NA","NA","NA","NA","NA","NA","NA","NA","NA","NA","NA","NA","NA","NA","0","NA","0.012082133960032","0.0415872334754546","0.0554869777611892","0.122214848090112","0.248260579979274","0.390959317729075","1.38399039093342","2.8398257666663","3.3595974645036","4.63600094778677","4.91044632720325","7.49996346522407","8.40446959241215","12.5529979098299","15.2247114771787","20.83","25.88","32.7","37.37","40.22","44.0456","NA"
"Venezuela, RB","VEN","Mobile cellular subscriptions (per 100 people)","IT.CEL.SETS.P2","0","NA","NA","NA","NA","0","NA","NA","NA","NA","0","NA","NA","NA","NA","0","0","0","0","0","0","0","0","0","0","0","0","0","0.00959180629539023","0.0191368327684895","0.0375972871596906","0.0821017534511052","0.37967022528566","0.862938275527968","1.47503489567272","1.827799058344","2.57881889296718","4.656348533096","8.55845792860276","15.8059498178367","22.3175670252565","26.0252079969149","25.8229715435085","27.1933226600898","32.0660883612655","46.755104234668","69.1020835587459","86.1302692438155","97.4895904426665","98.3925082846331","95.9951118473762","97.5640312705239","101.881639465779","NA"
,"","","","","","","","","","","","","","","","","","","","","","","","","","","","","","","","","","","","","","","","","","","","","","","","","","","","","","","","",""
,"","","","","","","","","","","","","","","","","","","","","","","","","","","","","","","","","","","","","","","","","","","","","","","","","","","","","","","","",""
,"","","","","","","","","","","","","","","","","","","","","","","","","","","","","","","","","","","","","","","","","","","","","","","","","","","","","","","","",""
Data from database: WDI,"","","","","","","","","","","","","","","","","","","","","","","","","","","","","","","","","","","","","","","","","","","","","","","","","","","","","","","","",""
Last Updated: 05/06/2014,"","","","","","","","","","","","","","","","","","","","","","","","","","","","","","","","","","","","","","","","","","","","","","","","","","","","","","","","",""
